email,password
loadtest_ca95f7b3_20250630073836@yopmail.com,u40mUx&2
loadtest_2235f537_20250630073841@yopmail.com,0@q8jr2N
loadtest_c444ee75_20250630073845@yopmail.com,9!r69cjI
loadtest_5c3a2850_20250630073850@yopmail.com,qpC*280m
loadtest_42f939e0_20250630073853@yopmail.com,1kge0#Z5
loadtest_d5f80621_20250630073857@yopmail.com,h4%I6pf6
loadtest_f6e18be4_20250630073900@yopmail.com,!3l1y3fR
loadtest_09549bed_20250630073904@yopmail.com,6i*7c1Yi
loadtest_0537d4b7_20250630073909@yopmail.com,b3Xct3#1
loadtest_b952554a_20250630073912@yopmail.com,9Keib$46
loadtest_4891b5e6_20250630073916@yopmail.com,g^cI69p6
loadtest_cb411b10_20250630073919@yopmail.com,aP^1o7a6
loadtest_fd5dcfd8_20250630073922@yopmail.com,m343%qYh
loadtest_08a37538_20250630073927@yopmail.com,$zb3Wm98
loadtest_55513efc_20250630073930@yopmail.com,Tz0@6db9
loadtest_5d3f4927_20250630073935@yopmail.com,9u5%T0av
loadtest_28509680_20250630073939@yopmail.com,v238nAj^
loadtest_825514b0_20250630073943@yopmail.com,24#bB4ae
loadtest_5302cc56_20250630073947@yopmail.com,2m2l!2eX
loadtest_660e9dae_20250630073951@yopmail.com,vu49L!f2
loadtest_0650d1b2_20250630073955@yopmail.com,2wyM37x*
loadtest_b6620ac4_20250630074000@yopmail.com,2co*V76o
loadtest_8b0dcf81_20250630074004@yopmail.com,#vJf91j6
loadtest_8319b0c3_20250630074008@yopmail.com,752vzmV$
loadtest_b894d952_20250630074012@yopmail.com,Yo2^2e4r
loadtest_51cf46d3_20250630074017@yopmail.com,!1Q5fq9l
loadtest_a1d21628_20250630074021@yopmail.com,746M@lmr
loadtest_5cc3af07_20250630074025@yopmail.com,w6Y*b4m3
loadtest_415d04b5_20250630074029@yopmail.com,K3&rt64v
loadtest_069ce449_20250630074032@yopmail.com,8g54%pzY
loadtest_f26610b2_20250630074037@yopmail.com,2v73U&ff
loadtest_afd1f736_20250630074041@yopmail.com,*sh6j80E
loadtest_c0459f77_20250630074045@yopmail.com,1U2@vp2i
loadtest_b9c665cb_20250630074050@yopmail.com,234hrcO*
loadtest_06eb41f3_20250630074054@yopmail.com,bi39%3Xj
loadtest_133e9c77_20250630074058@yopmail.com,07x0$uKg
loadtest_77b37a97_20250630074102@yopmail.com,z6scT%93
loadtest_7d8190df_20250630074107@yopmail.com,#00j6bsR
loadtest_d830a7d4_20250630074112@yopmail.com,3jVm9@5k
loadtest_d3a4d727_20250630074117@yopmail.com,6wo6p*W5
loadtest_9aee40d1_20250630084316@yopmail.com,bx3Lj#69
loadtest_2c99645c_20250630084317@yopmail.com,%S4aj0m2
loadtest_45df2cf6_20250630084319@yopmail.com,sgc144Q@
loadtest_afbbc1c8_20250630084321@yopmail.com,o9#d7k8L
loadtest_efe5039b_20250630084323@yopmail.com,T94c*3mi
loadtest_c951e77b_20250630084328@yopmail.com,#5p3cvR4
loadtest_f35d4f04_20250630085114@yopmail.com,h8L5s!6m
loadtest_139c1228_20250630085117@yopmail.com,0o33eq^N
loadtest_216cf6b8_20250630092116@yopmail.com,j86k7gP!
loadtest_769826fd_20250630092118@yopmail.com,h0$7S4ep
loadtest_03da334d_20250630092130@yopmail.com,2V57%kqx
loadtest_affd6e51_20250630092301@yopmail.com,bH9x^84d
loadtest_f169ff94_20250630092301@yopmail.com,9s7k&O5b
loadtest_223dc2d2_20250630092307@yopmail.com,l%zl11D5
loadtest_3e470236_20250630092312@yopmail.com,gh@Sz812
loadtest_39f0f12e_20250630092314@yopmail.com,2^1a3eVm
loadtest_e5782e76_20250630092318@yopmail.com,35w!o5Rm
loadtest_eb77b8d1_20250630092320@yopmail.com,td^81L5b
loadtest_cfabe031_20250630092325@yopmail.com,Lh1p06o^
loadtest_46e690f2_20250630092328@yopmail.com,330l$kwS
loadtest_5b5e7a89_20250630092330@yopmail.com,fW!82ym0
loadtest_4fbd8f79_20250630092335@yopmail.com,gbz2L10^
loadtest_a74df10c_20250630092335@yopmail.com,18gYqu7$
loadtest_51068a63_20250630092335@yopmail.com,79uH4&yu
loadtest_21da5794_20250630092345@yopmail.com,K@nre551
loadtest_7e8774dc_20250630092349@yopmail.com,9%5liGs7
loadtest_4babce8b_20250630092400@yopmail.com,d8tVw0#2
loadtest_fb9dd84e_20250630092405@yopmail.com,9ijM0*v6
loadtest_333f2bf3_20250630092410@yopmail.com,Vzt!62w1
loadtest_ccea01ec_20250630092414@yopmail.com,ju8F%24c
loadtest_f6882e89_20250630092415@yopmail.com,54eS7gu!
loadtest_2e64609c_20250630092416@yopmail.com,h$0Er99q
loadtest_346a7eec_20250630092419@yopmail.com,n73Z3!nn
loadtest_a844da17_20250630092420@yopmail.com,3kc@E3i9
loadtest_27a3674e_20250630092450@yopmail.com,6$68qzSv
loadtest_f22891aa_20250630092559@yopmail.com,P&0g2s8d
loadtest_6013d2ad_20250630092612@yopmail.com,140Gzl!e
loadtest_fc56c6cf_20250630092620@yopmail.com,3ewy@G73
loadtest_1a1c0d6c_20250630095029@yopmail.com,8qP7p#w4
loadtest_b4bbc930_20250630095113@yopmail.com,rV9!an74
