,
loadtest_865f14ea_20250728064324@yopmail.com,4n3Ts1i$
loadtest_7ccde215_20250728064342@yopmail.com,x62#K8gh
loadtest_9d3beaa5_20250728064345@yopmail.com,6%Mcx49p
loadtest_cdd1aad3_20250728064349@yopmail.com,wR0r#i17
loadtest_3a10bbec_20250728064353@yopmail.com,3i$56Gyc
loadtest_302ee5f5_20250728064357@yopmail.com,&2xh5B4c
loadtest_8007c848_20250728064423@yopmail.com,tb&914yI
loadtest_7ff94819_20250728064424@yopmail.com,5wp6eX8#
loadtest_87e87b56_20250728064429@yopmail.com,w^6xW6y4
loadtest_3cadd2c7_20250728064433@yopmail.com,0c%Xyq32
loadtest_7d3ddf3f_20250728064437@yopmail.com,57rdX1j%
loadtest_f6fb3202_20250728064437@yopmail.com,1b3R*zx2
loadtest_e9e88b01_20250728064440@yopmail.com,zg11m0F#
loadtest_b37035cf_20250728064442@yopmail.com,9@3kp6oS
loadtest_94eba393_20250728064444@yopmail.com,8kvZ67d^
loadtest_9e92c7f9_20250728064446@yopmail.com,o6H9^q4x
loadtest_b24a98c2_20250728064448@yopmail.com,j46W6ei^
loadtest_99f778df_20250728064449@yopmail.com,Aej38%7g
loadtest_9ab659ce_20250728064452@yopmail.com,hg52j2Z%
loadtest_0f641d74_20250728064454@yopmail.com,92u@Php0
loadtest_19f4d74f_20250728064456@yopmail.com,0u^m1zS8
loadtest_e3b15892_20250728064457@yopmail.com,we*44Od4
loadtest_c0e61ff0_20250728064500@yopmail.com,#c7Y0m7b
loadtest_ecb662b1_20250728064500@yopmail.com,g71^N3ez
loadtest_3d98a187_20250728064503@yopmail.com,7bk9Y1^e
loadtest_ba05ef3d_20250728064505@yopmail.com,2$xgcS61
loadtest_71035392_20250728064507@yopmail.com,1yvx%22F
loadtest_53b26ee5_20250728064509@yopmail.com,47Dh8b*m
loadtest_6e63ed9b_20250728064511@yopmail.com,do671Mi!
loadtest_42276c03_20250728064513@yopmail.com,286tEfc^
loadtest_d36d1f44_20250728064518@yopmail.com,#rna854Z
loadtest_97946ddc_20250728064527@yopmail.com,8yGd8n0%
loadtest_3be9fc66_20250728064531@yopmail.com,7r1!5oBe
loadtest_4319fc24_20250728064517@yopmail.com,bz#53a2V
loadtest_35aa043d_20250728064534@yopmail.com,!7qlD66w
loadtest_27478652_20250728064535@yopmail.com,%9osH60v
loadtest_1cbcf34a_20250728064539@yopmail.com,584kc$sA
loadtest_5b673498_20250728064540@yopmail.com,0ja5a^Z6
loadtest_8f9e45fc_20250728064543@yopmail.com,3^Ybsc47
loadtest_747ea576_20250728064545@yopmail.com,#iZu89r5
loadtest_008ecd0c_20250728064547@yopmail.com,92um$0aA
loadtest_b2b52878_20250728064551@yopmail.com,&923Qkyw
loadtest_6644166f_20250728064551@yopmail.com,n5r75$cE
loadtest_dc0b2967_20250728064555@yopmail.com,xB6s&n43
loadtest_453d2c15_20250728064556@yopmail.com,rv%6m4O1
loadtest_486ca255_20250728064600@yopmail.com,uc79p5G@
loadtest_1b0bcf63_20250728064600@yopmail.com,4$9c8wgI
loadtest_08f6b220_20250728064603@yopmail.com,Qvcl$885
loadtest_c719be60_20250728064604@yopmail.com,k57to#Y4
loadtest_24fc2ff8_20250728064605@yopmail.com,q!90Zkt5
loadtest_07bfa913_20250728064608@yopmail.com,w$08w1Pz
loadtest_ccfad247_20250728064609@yopmail.com,67@3Yxrj
loadtest_0790991e_20250728064610@yopmail.com,&e2Qe5k6
loadtest_a7fd45e1_20250728064613@yopmail.com,lh1@xO54
loadtest_0d9e5a75_20250728064614@yopmail.com,6d5W6z^y
loadtest_2a623732_20250728064618@yopmail.com,&00q3Qap
loadtest_ba65222f_20250728064619@yopmail.com,0Sj2y3v!
loadtest_3811457f_20250728064621@yopmail.com,vxqW&966
loadtest_242645f8_20250728064624@yopmail.com,0hZ^n54l
loadtest_c58ad814_20250728064626@yopmail.com,v^52Ud7d
loadtest_666206c9_20250728064628@yopmail.com,Ro350dq^
loadtest_72c94678_20250728064628@yopmail.com,tWa9i!03
loadtest_428e2de8_20250728064631@yopmail.com,18xGb9&j
loadtest_50ae0f5e_20250728064634@yopmail.com,1Ff&b4y7
loadtest_c55515cb_20250728064634@yopmail.com,8$6dp1Bg
loadtest_f17cb6b6_20250728064638@yopmail.com,78x2rW&k
loadtest_d65b53eb_20250728064638@yopmail.com,86R6pg!s
loadtest_46d2ccf5_20250728064642@yopmail.com,1^1k4vAy
loadtest_dd6660a2_20250728064641@yopmail.com,Yf7u86*w
loadtest_a855c0c9_20250728064646@yopmail.com,iA4qu#04
loadtest_835227bf_20250728064646@yopmail.com,w8haX!83
loadtest_f167adee_20250728064650@yopmail.com,3H8ewl!8
loadtest_59aa255f_20250728064650@yopmail.com,k74k!0Mg
loadtest_c2a7e224_20250728064653@yopmail.com,W5vg0m*4
loadtest_dd629280_20250728064654@yopmail.com,8si#Mq99
loadtest_c2df47f5_20250728064657@yopmail.com,4f#8p5lQ
loadtest_004c1ae1_20250728064658@yopmail.com,3q68V@uw
loadtest_df9b0ece_20250728064700@yopmail.com,0Ck7*t5c
loadtest_d53283ea_20250728064702@yopmail.com,20Fdy%2u
loadtest_dbc7887c_20250728064704@yopmail.com,!8k07Llp
loadtest_2d58cc49_20250728064706@yopmail.com,y67s$pJ5
loadtest_9f6f2d36_20250728064707@yopmail.com,P01a&c7w
loadtest_8be58afa_20250728064710@yopmail.com,9k*tL9w9
loadtest_73bbaa7d_20250728064711@yopmail.com,n7k9@Lk2
loadtest_0be493a6_20250728064714@yopmail.com,2!5xgpB5
loadtest_14efbbff_20250728064715@yopmail.com,3nT6b#v1
loadtest_79f1ab46_20250728064717@yopmail.com,4M$r12iw
loadtest_d6c8427a_20250728064718@yopmail.com,#i99jIp4
loadtest_6329e23e_20250728064720@yopmail.com,669nb*Qg
loadtest_2477f714_20250728064723@yopmail.com,19wv2$Ff
"loadtest_1224f473_20250728112627@yopmail.com","j78A^x6z"
"loadtest_b8d39851_20250728112632@yopmail.com","jNr1g4*2"
"loadtest_613ca8d3_20250728112637@yopmail.com","x1v#6z7V"
"loadtest_43a4a12c_20250728112820@yopmail.com","g*soV718"
"loadtest_e5be2725_20250728112825@yopmail.com","5u0luI6*"
"loadtest_67b178c1_20250728112829@yopmail.com","l7Q^c82q"
"loadtest_a0c793da_20250728121719@yopmail.com","16t!Wei3"
"loadtest_c410025d_20250728121724@yopmail.com","z08t7^Fc"
"loadtest_78a2573a_20250728121727@yopmail.com","5#akdB93"
"loadtest_9792d041_20250728121732@yopmail.com","z8r9#b8N"
"loadtest_bff7ff71_20250728121735@yopmail.com","2%8i5pgD"
"loadtest_281c9b98_20250728122621@yopmail.com","F1e1!u3j"
"loadtest_bee4068f_20250728122626@yopmail.com","gRt&0a26"
"loadtest_ebe4e73f_20250728122654@yopmail.com","^3u73lVd"
"loadtest_66d612a7_20250728122707@yopmail.com","t8!s39Wj"
"loadtest_05b41b03_20250728122710@yopmail.com","1si0Hq7@"
