"email","password"
"loadtest_ca95f7b3_20250630073836@yopmail.com","u40mUx&2"
"loadtest_2235f537_20250630073841@yopmail.com","0@q8jr2N"
"loadtest_c444ee75_20250630073845@yopmail.com","9!r69cjI"
"loadtest_5c3a2850_20250630073850@yopmail.com","qpC*280m"
"loadtest_42f939e0_20250630073853@yopmail.com","1kge0#Z5"
"loadtest_d5f80621_20250630073857@yopmail.com","h4%I6pf6"
"loadtest_f6e18be4_20250630073900@yopmail.com","!3l1y3fR"
"loadtest_09549bed_20250630073904@yopmail.com","6i*7c1Yi"
"loadtest_0537d4b7_20250630073909@yopmail.com","b3Xct3#1"
"loadtest_b952554a_20250630073912@yopmail.com","9Keib$46"
"loadtest_4891b5e6_20250630073916@yopmail.com","g^cI69p6"
"loadtest_cb411b10_20250630073919@yopmail.com","aP^1o7a6"
"loadtest_fd5dcfd8_20250630073922@yopmail.com","m343%qYh"
"loadtest_08a37538_20250630073927@yopmail.com","$zb3Wm98"
"loadtest_55513efc_20250630073930@yopmail.com","Tz0@6db9"
"loadtest_5d3f4927_20250630073935@yopmail.com","9u5%T0av"
"loadtest_28509680_20250630073939@yopmail.com","v238nAj^"
"loadtest_825514b0_20250630073943@yopmail.com","24#bB4ae"
"loadtest_5302cc56_20250630073947@yopmail.com","2m2l!2eX"
"loadtest_660e9dae_20250630073951@yopmail.com","vu49L!f2"
"loadtest_0650d1b2_20250630073955@yopmail.com","2wyM37x*"
"loadtest_b6620ac4_20250630074000@yopmail.com","2co*V76o"
"loadtest_8b0dcf81_20250630074004@yopmail.com","#vJf91j6"
"loadtest_8319b0c3_20250630074008@yopmail.com","752vzmV$"
"loadtest_b894d952_20250630074012@yopmail.com","Yo2^2e4r"
"loadtest_51cf46d3_20250630074017@yopmail.com","!1Q5fq9l"
"loadtest_a1d21628_20250630074021@yopmail.com","746M@lmr"
"loadtest_5cc3af07_20250630074025@yopmail.com","w6Y*b4m3"
"loadtest_415d04b5_20250630074029@yopmail.com","K3&rt64v"
"loadtest_069ce449_20250630074032@yopmail.com","8g54%pzY"
"loadtest_f26610b2_20250630074037@yopmail.com","2v73U&ff"
"loadtest_afd1f736_20250630074041@yopmail.com","*sh6j80E"
"loadtest_c0459f77_20250630074045@yopmail.com","1U2@vp2i"
"loadtest_b9c665cb_20250630074050@yopmail.com","234hrcO*"
"loadtest_06eb41f3_20250630074054@yopmail.com","bi39%3Xj"
"loadtest_133e9c77_20250630074058@yopmail.com","07x0$uKg"
"loadtest_77b37a97_20250630074102@yopmail.com","z6scT%93"
"loadtest_7d8190df_20250630074107@yopmail.com","#00j6bsR"
"loadtest_d830a7d4_20250630074112@yopmail.com","3jVm9@5k"
"loadtest_d3a4d727_20250630074117@yopmail.com","6wo6p*W5"
